id,name,name_german,description,alternativenames,typos,link,related,cnt_PersonID,Cat_I,Cat_II,Cat_III,Cat_IV,Cat_V
1,Abundantia,Abundantia,"aus OCRE",NULL,NULL,http://thesauri.dainst.org/de/labels/_2954_dda8d5222699ed48bac6170d657ff3c3-l7.html,NULL,NULL,Female,Deities,Roman,Personification,NULL
2,Actaeon,Aktaion,NULL,NULL,NULL,https://www.wikidata.org/wiki/Q208531,NULL,NULL,Male,MythologicalFigures,Greek,NULL,NULL
3,Aemilian,Aemilianus,"aus OCRE",NULL,NULL,http://nomisma.org/id/aemilian,NULL,823,Male,Human,Emperor,BarracksEmperors,NULL
4,Aeneas,Aeneas,"aus CN Erweiterung",NULL,NULL,https://www.britishmuseum.org/collection/term/BIOG56894,NULL,NULL,Male,MythologicalFigures,Roman,NULL,NULL
5,Aequitas,Aequitas,"aus OCRE",Equitas,NULL,https://www.wikidata.org/wiki/Q381061,NULL,NULL,Female,Deities,Roman,Personification,NULL
6,Aesculapius,Äskulap,"aus OCRE",NULL,NULL,https://www.wikidata.org/wiki/Q83223,Asclepius,NULL,Male,Deities,Roman,Other,NULL
7,Africa,Africa,"aus OCRE",NULL,NULL,http://thesauri.dainst.org/de/labels/_2731_fad6ec69ac315c4f27270814c5e6d73c-l13.html,NULL,NULL,Female,Deities,Roman,Personification,NULL
8,Agrippa,"Marcus Vipsanius Agrippa","aus OCRE",NULL,NULL,http://nomisma.org/id/agrippa,NULL,743,Male,Human,EmperorsFamily,Julio-ClaudianDynasty,NULL
9,"Agrippina maior","Agrippina Maior","maior = die Ältere","Agrippina the Elder,  agrippina_i",NULL,http://nomisma.org/id/agrippina_i,NULL,313,Female,Human,Emperor,Julio-ClaudianDynasty,NULL
10,"Agrippina minor","Agrippina (minor)","minor = die Jüngere","Agrippina the Younger, agrippina_ii",NULL,http://nomisma.org/id/agrippina_ii,NULL,738,Female,Human,Emperor,Julio-ClaudianDynasty,NULL
11,Alamannia,Alamannia,"aus OCRE",NULL,NULL,http://www.dbis.cs.uni-frankfurt.de/cnt/id/Alamannia_person,NULL,NULL,Female,Deities,Roman,Personification,NULL
12,"Alexander III","Alexander der Große","der Große","Alexander the Great,  Alexander III.",NULL,http://nomisma.org/id/alexander_iii,NULL,11,Male,Human,King,Hellenistic,ArgeadDynasty
13,Alexandria,Alexandria,"aus OCRE",NULL,NULL,http://thesauri.dainst.org/de/labels/_2944_7c5d819a73f278e6c204700942e6e331-l15.html,NULL,NULL,Female,Deities,Roman,Personification,NULL
14,Allectus,Allectus,"aus OCRE",NULL,NULL,http://nomisma.org/id/allectus,NULL,NULL,Male,Human,Emperor,Ursurper,NULL
15,Anchialos,Anchialos,NULL,NULL,NULL,http://www.dbis.cs.uni-frankfurt.de/cnt/id/anchialos_person,NULL,NULL,Male,Heroes,CityFounder,NULL,NULL
16,Anchises,Anchises,"aus CN Erweiterung",NULL,NULL,https://www.britishmuseum.org/collection/term/BIOG56951,NULL,NULL,Male,MythologicalFigures,NULL,NULL,NULL
17,Androclus,Androklos,NULL,Androklos,NULL,https://www.wikidata.org/wiki/Q512545,NULL,NULL,Male,NULL,NULL,NULL,NULL
18,Andromeda,Andromeda,NULL,NULL,NULL,https://www.britishmuseum.org/collection/term/BIOG56953,NULL,NULL,Female,MythologicalFigures,NULL,NULL,NULL
19,Annona,Annona,"aus OCRE",NULL,NULL,https://www.wikidata.org/wiki/Q581656,NULL,NULL,Female,Deities,Roman,Personification,NULL
20,Anthemius,Anthemius,"aus OCRE",NULL,NULL,http://nomisma.org/id/anthemius,NULL,NULL,Male,Human,Emperor,NULL,NULL
21,Antinous,Antinoos,"aus CN Erweiterung",NULL,NULL,https://www.britishmuseum.org/collection/term/BIOG56964,NULL,697,Male,Human,NULL,NULL,NULL
22,"Antiochus I Soter","Antiochos I. Soter","Soter = der Retter","Antiochus I. Soter",NULL,http://nomisma.org/id/antiochus_i,NULL,37,Male,Human,King,Hellenistic,Seleucides
23,"Antiochus II Theos","Antiochos II. Theos","Theos = der Gott","Antiochus II. Theos",NULL,https://www.britishmuseum.org/collection/term/BIOG86258,NULL,39,Male,Human,King,Hellenistic,Seleucides
24,"Antonia Minor","Antonia Minor","aus OCRE","Julia Antonia Minor,  Antonia the Younger,  Antonia,  antonia_minor",NULL,http://nomisma.org/id/antonia_minor,NULL,NULL,Female,Human,EmperorsFamily,Julio-ClaudianDynasty,NULL
25,"Antoninus Pius","Antoninus Pius","Pius = der Fromme","Antoninus,  antoninus_pius",NULL,http://nomisma.org/id/antoninus_pius,NULL,73,Male,Human,Emperor,AntonineDynasty,NULL
26,Anubis,Anubis,NULL,NULL,NULL,https://www.britishmuseum.org/collection/term/BIOG52823,NULL,NULL,Male,Deities,Egyptian,Other,NULL
27,Aphrodite,Aphrodite,NULL,NULL,NULL,https://www.wikidata.org/wiki/Q35500,Venus,NULL,Female,Deities,Greek,Olympic,NULL
28,Apis,Apis,NULL,NULL,NULL,https://www.wikidata.org/wiki/Q208150,NULL,NULL,Male,Deities,Egyptian,Other,NULL
29,Apollo,Apollo,"Citharoedus = Kitharaspieler -> Musikinstrument: eine Art Leier. Karinos = Bedeutung nicht klar","Apollo Citharoedus, Apollo Smintheus, Apollo Sauroctonos, Apollo Karinos, Apollon Kitharoedus, Apollo Citharede","Apollo Sauroktonos, Apolo",https://www.britishmuseum.org/collection/term/BIOG56988,Apollon,NULL,Male,Deities,Roman,Olympic,NULL
30,Apollon,Apollon,"Citharoedus = Kitharaspieler -> Musikinstrument: eine Art Leier. Karinos = Bedeutung nicht klar",NULL,NULL,https://www.wikidata.org/wiki/Q37340,Apollo,NULL,Male,Deities,Greek,Olympic,NULL
31,Arabia,Arabia,"aus OCRE",NULL,NULL,http://thesauri.dainst.org/de/labels/_2731_265120e5b65f1ec509c5f8a8dd96cf9d-l21.html,NULL,NULL,Female,Deities,Roman,Personification,NULL
32,Arcadius,Arcadius,"aus OCRE",NULL,NULL,http://nomisma.org/id/arcadius,NULL,NULL,Male,Human,Emperor,TheodosianDynasty,NULL
33,archer,Bogenschütze,"aus CN Erweiterung",archers,NULL,https://www.wikidata.org/wiki/Q890527,NULL,NULL,Male,Human,NULL,NULL,NULL
34,Ares,Ares,NULL,NULL,NULL,https://www.wikidata.org/wiki/Q40901,Mars,NULL,Male,Deities,Greek,Olympic,NULL
35,Ariadne,Ariadne,NULL,NULL,NULL,https://www.britishmuseum.org/collection/term/BIOG57016,NULL,NULL,Female,MythologicalFigures,NULL,NULL,NULL
36,Arles,Arelate,"aus OCRE",NULL,NULL,https://www.wikidata.org/wiki/Q641068,NULL,NULL,Female,Deities,Roman,Personification,NULL
37,Armenia,Armenia,"aus OCRE",NULL,NULL,http://thesauri.dainst.org/de/labels/_2731_75e615e9ee3116a32cf35e88205b2db8-l27.html,NULL,NULL,Female,Deities,Roman,Personification,NULL
38,Artemis,Artemis,"Tauropolos = Stierreiterin oder bezieht sich nur auf Stadt Tauris. Phosphoros = die Fackelträgerin","Artemis Tauropolos,  Artemis Phosphoros, Artemis Phosphorus, Artemis Ephesia, Artemis of Ephesus",NULL,https://www.wikidata.org/wiki/Q39503,Diana,NULL,Female,Deities,Greek,Olympic,NULL
39,Ascanius,Ascanius,"aus CN Erweiterung",NULL,NULL,https://www.britishmuseum.org/collection/term/BIOG57048,NULL,NULL,Male,MythologicalFigures,Roman,NULL,NULL
40,Asclepius,Asklepios,NULL,Asklepios,NULL,https://www.britishmuseum.org/collection/term/BIOG57049,Aesculapius,NULL,Male,Deities,Greek-Roman,Other,NULL
41,Athena,Athena,"Athena Nikephoros, Athena Promachos","Athena Nikephoros,  Athena Promachos",NULL,https://www.wikidata.org/wiki/Q37122,Minerva,NULL,Female,Deities,Greek,Olympic,NULL
42,athlete,Athlet,NULL,athletes,NULL,https://www.wikidata.org/wiki/Q2066131,NULL,NULL,Male,Human,NULL,NULL,NULL
43,Attis,Attis,NULL,NULL,NULL,https://www.britishmuseum.org/collection/term/BIOG57072,NULL,NULL,Male,MythologicalFigures,NULL,NULL,NULL
44,Augustus,Augustus,NULL,Octavian,NULL,http://nomisma.org/id/augustus,NULL,5,Male,Human,Emperor,Julio-ClaudianDynasty,NULL
45,Aurelian,Aurelian,"aus OCRE",NULL,NULL,http://nomisma.org/id/aurelian,NULL,NULL,Male,Human,Emperor,BarracksEmperors,NULL
46,Avitus,Avitus,"aus OCRE",NULL,NULL,http://nomisma.org/id/avitus,NULL,NULL,Male,Human,Emperor,NULL,NULL
47,Bacchus,Bacchus,NULL,NULL,NULL,https://www.wikidata.org/wiki/Q645312,Dionysus,NULL,Male,Deities,Roman,Olympic,NULL
48,Balbinus,Balbinus,"aus OCRE",NULL,NULL,http://nomisma.org/id/balbinus,NULL,NULL,Male,Human,Emperor,BarracksEmperors,NULL
49,barbarian,Barbar,"aus OCRE",barbarians,NULL,https://www.wikidata.org/wiki/Q134313,NULL,NULL,Male,Human,Barbarian,NULL,NULL
50,Basiliscus,Basiliscus,"aus OCRE",NULL,NULL,http://nomisma.org/id/basiliscus,NULL,NULL,Male,Human,Emperor,LeonidDynasty,NULL
51,Bithynia,Bithynia,"aus OCRE",NULL,NULL,http://thesauri.dainst.org/de/labels/_3640_66ed69bd8784ee81aecb0966431b3202-l155.html,NULL,NULL,Female,Deities,Roman,Personification,NULL
52,"Bona Mens","Bona Mens","aus OCRE","Mens,  Mens Bona",NULL,https://www.wikidata.org/wiki/Q1133048,NULL,NULL,Female,Deities,Roman,Personification,NULL
53,"Bonus Eventus","Bonus Eventus","Bonus Eventus = glücklicher Ausgang",NULL,NULL,https://www.britishmuseum.org/collection/term/BIOG57291,NULL,NULL,Male,Deities,Roman,Other,NULL
54,Boule,Boule,NULL,NULL,NULL,https://www.wikidata.org/wiki/Q729128,NULL,NULL,Male,CivicInstitutions,Greek-Roman,NULL,NULL
55,boxer,Faustkämpfer,NULL,Boxer,NULL,https://www.wikidata.org/wiki/Q11338576,NULL,NULL,Male,Human,Greek,NULL,NULL
56,Britannia,Britannia,"aus OCRE",NULL,NULL,http://thesauri.dainst.org/de/labels/_2731_77151cfcd2a0894f14328f980185fef5-l35.html,NULL,NULL,Female,Deities,Roman,Personification,NULL
57,Britannicus,Britannicus,NULL,NULL,NULL,http://nomisma.org/id/britannicus,NULL,799,Male,Human,EmperorsFamily,Julio-ClaudianDynasty,NULL
58,Byzas,Byzas,NULL,NULL,NULL,https://www.wikidata.org/wiki/Q863859,NULL,NULL,Male,Heroes,CityFounder,NULL,NULL
59,Caligula,Caligula,NULL,NULL,NULL,http://nomisma.org/id/gaius,NULL,54,Male,Human,Emperor,Julio-ClaudianDynasty,NULL
60,Capaneus,Kapaneus,NULL,NULL,NULL,https://www.wikidata.org/wiki/Q833806,NULL,NULL,Male,Heroes,Greek,NULL,NULL
61,Caracalla,Caracalla,NULL,NULL,NULL,http://nomisma.org/id/caracalla,NULL,22,Male,Human,Emperor,SeveranDynasty,NULL
62,Carausius,Carausius,"aus OCRE",NULL,NULL,http://nomisma.org/id/carausius,NULL,NULL,Male,Human,Emperor,BarracksEmperors,NULL
63,Carinus,Carinus,"aus OCRE",NULL,NULL,http://nomisma.org/id/carinus,NULL,NULL,Male,Human,Emperor,BarracksEmperors,NULL
64,Carus,Carus,"aus OCRE",NULL,NULL,http://nomisma.org/id/carus,NULL,827,Male,Human,Emperor,BarracksEmperors,NULL
65,Castor,Kastor,NULL,NULL,NULL,https://www.wikidata.org/wiki/Q190103,Dioscur,NULL,Male,Deities,Greek-Roman,Other,NULL
66,centaur,Zentaur,NULL,centaurs,NULL,https://www.wikidata.org/wiki/Q83203,NULL,NULL,Male,NULL,NULL,NULL,NULL
67,Ceres,Ceres,NULL,NULL,NULL,https://www.wikidata.org/wiki/Q32102,Demeter,NULL,Female,Deities,Roman,Olympic,NULL
68,Charis,Charite,NULL,"Charites, Chariten",NULL,https://www.wikidata.org/wiki/Q184353,NULL,NULL,Female,Deities,Greek-Roman,Other,NULL
69,child,Kind,"aus OCRE",children,NULL,https://www.wikidata.org/wiki/Q7569,NULL,NULL,Male,Human,NULL,NULL,NULL
70,Cilicia,Kilikia,"aus OCRE",NULL,NULL,http://thesauri.dainst.org/de/labels/_2731_66d1a8ce448618f1353d0ddb9856351b-l81.html,NULL,NULL,Female,Deities,Roman,Personification,NULL
71,citizen,Bürger,"aus OCRE"," citizens, Bürgerin",NULL,https://www.wikidata.org/wiki/Q1020994,NULL,NULL,Male,Human,NULL,NULL,NULL
72,"city goddess",Stadtgöttin,NULL,"city goddesses","city goddes",http://thesauri.dainst.org/de/labels/arachne_value_79697_label.html,NULL,NULL,Female,Deities,Greek,Personification,NULL
73,Claudius,Claudius,NULL,NULL,NULL,http://nomisma.org/id/claudius,NULL,23,Male,Human,Emperor,Julio-ClaudianDynasty,NULL
74,"Claudius Gothicus","Claudius Gothicus","aus OCRE","Claudius II,  claudius_ii_gothicus",NULL,http://nomisma.org/id/claudius_ii_gothicus,NULL,NULL,Male,Human,Emperor,BarracksEmperors,NULL
75,Clementia,Clementia,"aus OCRE",NULL,NULL,https://www.wikidata.org/wiki/Q1100314,NULL,NULL,Female,Deities,Roman,Personification,NULL
76,"Clodius Albinus","Clodius Albinus","Albinus = keine besondere Bedeutung",NULL,NULL,http://nomisma.org/id/clodius_albinus,NULL,6,Male,Human,Usurper,NULL,NULL
77,Commodus,Commodus,NULL,NULL,NULL,http://nomisma.org/id/commodus,NULL,17,Male,Human,Emperor,AntonineDynasty,NULL
78,companion,Begleiter,"aus CN Erweiterung",NULL,NULL,https://www.wikidata.org/wiki/Q98949102,NULL,NULL,Male-Female,NULL,NULL,NULL,NULL
79,Concordia,Concordia,"aus OCRE",NULL,NULL,https://www.britishmuseum.org/collection/term/BIOG57638,NULL,NULL,Female,Deities,Roman,Personification,NULL
80,Constans,Constans,"aus OCRE","Constans I",NULL,http://nomisma.org/id/constans,NULL,NULL,Male,Human,Emperor,ConstantinianDynasty,NULL
81,Constantia,Constantia,"aus OCRE",NULL,NULL,http://www.dbis.cs.uni-frankfurt.de/cnt/id/Constantia_person,NULL,NULL,Female,Deities,Roman,Personification,NULL
82,"Constantine II","Konstantin II.","aus OCRE",constantine_ii,NULL,http://nomisma.org/id/constantine_ii,NULL,NULL,Male,Human,Emperor,ConstantinianDynasty,NULL
83,"Constantine the Great","Konstantin der Große","aus OCRE","Constantine I,  constantine_i,  Konstantin des Großen",NULL,http://nomisma.org/id/constantine_i,NULL,NULL,Male,Human,Emperor,ConstantinianDynasty,NULL
84,Constantinopolis,Constantinopolis,"aus OCRE",NULL,NULL,http://thesauri.dainst.org/de/labels/_3640_680c9e186010a73a6f023fbae7522dbc-l489.html,NULL,NULL,Female,Deities,Roman,Personification,NULL
85,"Constantius Chlorus","Constantius Chlorus","aus OCRE",constantius_chlorus,"Constntius Chlorus",http://nomisma.org/id/constantius_chlorus,NULL,NULL,Male,Human,Emperor,Tetrarchy,NULL
86,"Constantius Gallus","Constantius Gallus","aus OCRE",constantius_gallus,NULL,http://nomisma.org/id/constantius_gallus,NULL,NULL,Male,Human,Emperor,ConstantinianDynasty,NULL
87,"Constantius II","Constantius II.","aus OCRE",constantius_ii,NULL,http://nomisma.org/id/constantius_ii,NULL,NULL,Male,Human,Emperor,ConstantinianDynasty,NULL
88,Consul,Konsul,"aus OCRE",NULL,NULL,https://www.wikidata.org/wiki/Q40779,NULL,NULL,Male,Human,NULL,NULL,NULL
89,Corybant,Korybant,NULL,"Corybants, corybant, corybants",NULL,https://www.wikidata.org/wiki/Q631406,NULL,NULL,Male,Deities,Greek,Other,NULL
90,Crispina,Crispina,NULL,Krispina,NULL,http://nomisma.org/id/crispina,NULL,124,Female,Human,Emperor,AntonineDynasty,NULL
91,Crispus,Crispus,"aus OCRE",NULL,NULL,http://nomisma.org/id/crispus,NULL,NULL,Male,Human,Emperor,ConstantinianDynasty,NULL
92,Cupid,Amor,NULL,Cupids,NULL,https://www.wikidata.org/wiki/Q5011,Eros,NULL,Male,Deities,Roman,Other,NULL
93,Cybele,Kybele,NULL,Kybele,NULL,https://www.britishmuseum.org/collection/term/BIOG57657,NULL,NULL,Female,Deities,Greek,Other,NULL
94,Dacia,Dacia,"aus OCRE",NULL,NULL,http://thesauri.dainst.org/de/labels/_2731_e52ffdeb488133a1aa406e737d8a9436-l41.html,NULL,NULL,Female,Deities,Roman,Personification,NULL
95,Dacian,Daker,"aus OCRE",dacians,NULL,https://www.wikidata.org/wiki/Q212853,NULL,NULL,Male,Human,Barbarian,NULL,NULL
96,Dalmatius,Dalmatius,"aus OCRE",NULL,NULL,http://nomisma.org/id/dalmatius,NULL,NULL,Male,Human,Emperor,ConstantinianDynasty,NULL
97,Dancer,Tänzer,"aus OCRE","dancers, Tänzerin",NULL,https://www.wikidata.org/wiki/Q5716684,NULL,NULL,Male,Human,NULL,NULL,NULL
98,Danuvius,Danuvius,"aus OCRE",Danube,NULL,https://www.wikidata.org/wiki/Q836016,NULL,NULL,Male,Deities,Roman,RiverGod,NULL
99,Dardanos,Dardanos,NULL,NULL,NULL,https://www.wikidata.org/wiki/Q461212,NULL,NULL,Male,MythologicalFigures,Greek,NULL,NULL
100,"Dea Caelestis","Dea Caelestis","aus OCRE",NULL,"Dae Caelestis",https://www.britishmuseum.org/collection/term/BIOG188733,NULL,NULL,Female,Deities,Roman,Other,NULL
101,Decentius,Decentius,"aus OCRE",NULL,NULL,http://nomisma.org/id/decentius,NULL,NULL,Male,Human,Emperor,Ursurper,NULL
102,Decius,Decius,"aus OCRE","Trajan Decius,  trajan_decius",NULL,http://nomisma.org/id/trajan_decius,NULL,663,Male,Human,Emperor,BarracksEmperors,NULL
103,Demeter,Demeter,NULL,NULL,NULL,https://www.wikidata.org/wiki/Q40730,Ceres,NULL,Female,Deities,Greek,Olympic,NULL
104,Demos,Demos,NULL,NULL,NULL,https://www.wikidata.org/wiki/Q65178106,NULL,NULL,Male,CivicInstitutions,Greek-Roman,NULL,NULL
105,Diadumenian,Diadumenianus,NULL,NULL,NULL,http://nomisma.org/id/diadumenian,NULL,79,Male,Human,Emperor,BarracksEmperors,NULL
106,Diana,Diana,NULL,"Diana Lucifera",NULL,https://www.wikidata.org/wiki/Q132543,Artemis,NULL,Female,Deities,Roman,Olympic,NULL
107,Dicaeosyne,Dicaeosyne,NULL,"Dicaiosyne,  Dikaiosyne",NULL,https://www.wikidata.org/wiki/Q1225261,NULL,NULL,Female,Deities,Greek,Personification,NULL
108,"Didius Julianus","Didius Iulianus","aus OCRE",didius_julianus,NULL,http://nomisma.org/id/didius_julianus,NULL,36,Male,Human,Emperor,YearofFourEmperors,NULL
109,Diocletian,Diokletian,"aus OCRE",NULL,NULL,http://nomisma.org/id/diocletian,NULL,NULL,Male,Human,Emperor,Tetrarchy,NULL
110,Diomedes,Diomedes,NULL,NULL,NULL,https://www.wikidata.org/wiki/Q208256,NULL,NULL,Male,Heroes,Greek,NULL,NULL
111,Dionysus,Dionysos,,Dionysos,NULL,https://www.wikidata.org/wiki/Q41680,Bacchus,NULL,Male,Deities,Greek,Olympic,NULL
112,Dioscur,Dioskur,NULL,"Dioscuri, Dioscuros",NULL,https://www.wikidata.org/wiki/Q190103,"Kastor, Pollux, Polydeuces",NULL,Male,Deities,Greek-Roman,Other,NULL
113,"Domitia Longina","Domitia Longina","aus OCRE",Domitia,NULL,http://nomisma.org/id/domitia,NULL,532,Female,Human,Emperor,FlavianDynasty,NULL
114,Domitian,Domitian,NULL,Domitianus,NULL,http://nomisma.org/id/domitian,NULL,16,Male,Human,Emperor,FlavianDynasty,NULL
115,"Domitius Alexander","Domitius Alexander","aus OCRE",domitius_alexander,NULL,http://nomisma.org/id/domitius_alexander,NULL,NULL,Male,Human,Emperor,Tetrarchy,NULL
116,Earth,Gaia,NULL,"Ge, Gaia",NULL,https://www.britishmuseum.org/collection/term/BIOG58378,NULL,NULL,Female,Deities,Greek-Roman,Other,NULL
117,Eirene,Eirene,NULL,NULL,NULL,https://www.wikidata.org/wiki/Q214987,Pax,NULL,Female,Deities,Greek,Other,NULL
118,Elagabalus,Elagabal,NULL,Elagabal,NULL,http://nomisma.org/id/elagabalus,NULL,15,Male,Human,Emperor,SeveranDynasty,NULL
119,emperor,Kaiser,NULL,emperors,NULL,http://nomisma.org/id/roman_emperor,NULL,NULL,Male,Human,Emperor,NULL,NULL
121,Eros,Eros,NULL,NULL,NULL,https://www.wikidata.org/wiki/Q121973,Cupid,NULL,Male,Deities,Greek,Other,NULL
122,Eudoxia,"Aelia Eudoxia","aus OCRE",aelia_eudoxia,NULL,http://nomisma.org/id/aelia_eudoxia,NULL,NULL,Female,Human,Emperor,TheodosianDynasty,NULL
123,Euphemia,"Aelia Marciana Euphemia","aus OCRE","Marcia Euphemia",NULL,https://www.wikidata.org/wiki/Q380773,NULL,NULL,Female,Human,Emperor,NULL,NULL
124,Euphratides,Euphratides,"aus OCRE",NULL,NULL,http://www.dbis.cs.uni-frankfurt.de/cnt/id/Euphratides_person,NULL,NULL,Male,Deities,Roman,RiverGod,NULL
125,Europa,Europa,NULL,NULL,NULL,https://www.britishmuseum.org/collection/term/BIOG58139,NULL,NULL,Female,MythologicalFigures,Greek-Roman,NULL,NULL
126,Eurypylos,Eurypylos,"aus CN Erweiterung",NULL,NULL,http://thesauri.dainst.org/de/labels/_3406_14559e0e064e86044f21c66e3fc7df6f-l299.html,NULL,NULL,Male,MythologicalFigures,NULL,NULL,NULL
127,Eurystheus,Eurystheus,NULL,NULL,NULL,https://www.wikidata.org/wiki/Q212087,NULL,NULL,Male,MythologicalFigures,Greek,NULL,NULL
128,Euthenia,"Euthenia ",NULL,NULL,NULL,https://www.wikidata.org/wiki/Q3314298,NULL,NULL,Female,Deities,Greek,Personification,NULL
129,Fausta,Fausta,"aus OCRE",NULL,NULL,http://nomisma.org/id/fausta,NULL,NULL,Female,Human,Emperor,ConstantinianDynasty,NULL
130,"Faustina Maior","Faustina Maior","Maior = die Ältere","Faustina the Elder,  Faustina I, Faustina I.,  faustina_i",NULL,http://nomisma.org/id/faustina_i,NULL,40,Female,Human,Emperor,AntonineDynasty,NULL
131,"Faustina Minor","Faustina Minor","Minor = die Jüngere","Faustina the Younger,  Faustina II, Faustina II.,  faustina_ii",NULL,http://nomisma.org/id/faustina_ii,NULL,41,Female,Human,Emperor,AntonineDynasty,NULL
132,"fides militaris","fides militaris","aus OCRE","Fides Militum",NULL,https://www.britishmuseum.org/collection/term/BIOG69305,NULL,NULL,Female,Deities,Roman,Personification,NULL
133,figure,Figur,NULL,figures,NULL,https://www.wikidata.org/wiki/Q29527347,NULL,NULL,Male-Female,Human,NULL,NULL,NULL
134,"Flavius Marcus",Marcus,"aus OCRE",flavius_marcus,NULL,http://nomisma.org/id/flavius_marcus,NULL,NULL,Male,Human,Emperor,LeonidDynasty,NULL
135,Florian,Florianus,"aus OCRE","Marcus Annius Florianus",NULL,http://nomisma.org/id/florianus,NULL,NULL,Male,Human,Emperor,BarracksEmperors,NULL
136,Fortuna,Fortuna,"aus OCRE","Fortuna Felix,  Fortuna Victrix",NULL,https://www.wikidata.org/wiki/Q4654,NULL,NULL,Female,Deities,Roman,Other,NULL
137,"Gaius Caesar","Caius Caesar ","aus OCRE",gaius_caesar,NULL,http://nomisma.org/id/gaius_caesar,NULL,666,Male,Human,EmperorsFamily,Julio-ClaudianDynasty,NULL
138,"Galeria Valeria","Galeria Valeria","aus OCRE",galeria_valeria,NULL,http://nomisma.org/id/galeria_valeria,NULL,NULL,Female,Human,Emperor,Tetrarchy,NULL
139,Galerius,Galerius,"aus OCRE",NULL,NULL,http://nomisma.org/id/galerius,NULL,NULL,Male,Human,Emperor,Tetrarchy,NULL
140,Gallia,Gallia,"aus OCRE",NULL,Galia,http://thesauri.dainst.org/de/labels/_2731_920e0496e81a3693fe63e027243939ca-l53.html,NULL,NULL,Female,Deities,Roman,Personification,NULL
141,Gallienus,Gallienus,NULL,Gallien,NULL,http://nomisma.org/id/gallienus,NULL,19,Male,Human,Emperor,BarracksEmperors,NULL
142,Ganymed,Ganymed,"aus CN Erweiterung",Ganymede,NULL,https://www.wikidata.org/wiki/Q131588,NULL,NULL,Male,MythologicalFigures,Greek,NULL,NULL
143,Gaul,Gallier,"aus OCRE",gauls,NULL,https://www.wikidata.org/wiki/Q273854,NULL,NULL,Male,Human,Barbarian,NULL,NULL
144,Ge,Gaia,NULL,"Earth, Gä",NULL,https://www.wikidata.org/wiki/Q93172,NULL,NULL,Female,Deities,Greek,NULL,NULL
145,Genius,Genius,NULL,NULL,NULL,https://www.britishmuseum.org/collection/term/BIOG58396,NULL,NULL,Male,Deities,Roman,Other,NULL
146,"Genius Exercitus","Genius Exercitus","aus OCRE",NULL,NULL,https://www.wikidata.org/wiki/Q654361,NULL,NULL,Male,Deities,Roman,Personification,NULL
147,"Genius Populi Romani","Genius Populi Romani","aus OCRE","Genius of the Roman people",NULL,https://www.wikidata.org/wiki/Q654361,Genius,NULL,Male,Deities,Roman,Personification,NULL
148,Germania,Germania,"aus OCRE",NULL,NULL,http://thesauri.dainst.org/de/labels/_2731_4c4429699a1565c8d57e97e811c879c6-l63.html,NULL,NULL,Female,Deities,Roman,Personification,NULL
149,Germanicus,Germanicus,"aus OCRE",NULL,NULL,http://nomisma.org/id/germanicus,NULL,750,Male,Human,EmperorsFamily,Julio-ClaudianDynasty,NULL
150,Geta,Geta,NULL,NULL,NULL,http://nomisma.org/id/geta,NULL,20,Male,Human,Emperor,SeveranDynasty,NULL
151,Glycerius,Glycerius,"aus OCRE",NULL,NULL,http://nomisma.org/id/glycerius,NULL,NULL,Male,Human,Emperor,NULL,NULL
152,Gordian,"Gordian III.",NULL," gordian_iii, Gordian III",NULL,http://nomisma.org/id/gordian_iii,NULL,464,Male,Human,Emperor,BarracksEmperors,GordianDynasty
153,Gorgo,Gorgo,NULL,"Gorgon, Gorgons",NULL,https://www.britishmuseum.org/collection/term/BIOG70550,NULL,NULL,Female,MythologicalFigures,Greek-Roman,NULL,NULL
154,Goth,Gote,"aus OCRE",NULL,NULL,https://www.wikidata.org/wiki/Q42193,NULL,NULL,Male,Human,Barbarian,NULL,NULL
155,Gratian,Gratian,"aus OCRE",NULL,NULL,http://nomisma.org/id/gratian,NULL,NULL,Male,Human,Emperor,ValentinianDynasty,NULL
156,Hades,Hades,NULL,Hades-Serapis,NULL,https://www.wikidata.org/wiki/Q41410,Pluto,NULL,Male,Deities,Greek,Underworld,Olympic
157,Hadrian,Hadrian,NULL,NULL,NULL,http://nomisma.org/id/hadrian,NULL,24,Male,Human,Emperor,AdoptiveEmperors,NULL
158,Harpocrates,Harpokrates,NULL,Harpokrates,NULL,https://www.wikidata.org/wiki/Q787492,NULL,NULL,Male,Deities,Egyptian,Other,NULL
159,Hebros,Hebros,NULL,Hebrus,NULL,https://www.wikidata.org/wiki/Q12347561,NULL,NULL,Male,Deities,Greek,RiverGod,NULL
160,Hecate,Hekate,"aus CN Erweiterung",Hekate,NULL,https://www.britishmuseum.org/collection/term/BIOG58608,NULL,NULL,Female,Deities,Greek,Other,NULL
161,Helena,Helena,"aus OCRE",NULL,NULL,http://nomisma.org/id/helena,NULL,NULL,Female,Human,EmperorsFamily,ConstantinianDynasty,NULL
162,Helios,Helios,NULL,NULL,NULL,https://www.britishmuseum.org/collection/term/BIOG58616,NULL,NULL,Male,Deities,Greek,Other,NULL
163,Helle,Helle,NULL,NULL,NULL,https://www.wikidata.org/wiki/Q638578,NULL,NULL,Female,MythologicalFigures,Greek,NULL,NULL
164,Hephaestos,Hephaistos,NULL,"Hephaistus, Hephaestus",NULL,https://www.wikidata.org/wiki/Q44384,Vulcanus,NULL,Male,Deities,Greek,Olympic,NULL
165,Hera,Hera,NULL,NULL,NULL,https://www.wikidata.org/wiki/Q38012,Juno,NULL,Female,Deities,Greek,Olympic,NULL
166,Heracles,Herakles,NULL,"Hercules,  Herakles, Melqart",NULL,https://www.britishmuseum.org/collection/term/BIOG58628,NULL,NULL,Male,Heroes,Greek-Roman,NULL,NULL
167,Herald,Herold,"aus OCRE",NULL,NULL,https://www.wikidata.org/wiki/Q696819,NULL,NULL,Male,Human,NULL,NULL,NULL
168,"Herennius Etruscus","Herennius Etruscus","aus OCRE",herennius_etruscus,NULL,http://nomisma.org/id/herennius_etruscus,NULL,800,Male,Human,Emperor,BarracksEmperors,NULL
169,Hermes,Hermes,"Perpheraios = der Wanderer","Hermes Perpheraios",NULL,https://www.wikidata.org/wiki/Q41484,Mercury,NULL,Male,Deities,Greek,Olympic,NULL
170,Herophile,Herophile,"aus CN Erweiterung",NULL,NULL,https://www.wikidata.org/wiki/Q1544642,NULL,NULL,Female,MythologicalFigures,Greek,NULL,NULL
171,heros,Heros,NULL,heroi,NULL,https://www.wikidata.org/wiki/Q162244,NULL,NULL,Male,Heroes,NULL,NULL,NULL
172,Hippolyte,Hippolyte,NULL,Hippolyta,NULL,https://www.wikidata.org/wiki/Q210303,NULL,NULL,Female,MythologicalFigures,Greek,NULL,NULL
173,Hispania,Hispania,"aus OCRE",NULL,NULL,http://thesauri.dainst.org/de/labels/_2731_4b1f9b386d5ff703c864d5fd92d01db5-l69.html,NULL,NULL,Female,Deities,Roman,Personification,NULL
174,Homonoia,Homonoia,NULL,NULL,Homonaia,https://www.wikidata.org/wiki/Q5891490,Concordia,NULL,Female,Deities,Greek,Personification,NULL
175,Honorius,Honorius,"aus OCRE",NULL,NULL,http://nomisma.org/id/honorius,NULL,NULL,Male,Human,Emperor,TheodosianDynasty,NULL
176,Honos,Honos,"aus OCRE",NULL,NULL,https://www.wikidata.org/wiki/Q290298,NULL,NULL,Male,Deities,Roman,Personification,NULL
177,Hostilian,Hostilian,"aus OCRE",NULL,NULL,http://nomisma.org/id/hostilian,NULL,NULL,Male,Human,Emperor,BarracksEmperors,NULL
178,Hygieia,Hygieia,NULL,NULL,NULL,https://www.britishmuseum.org/collection/term/BIOG58668,NULL,NULL,Female,Deities,Greek,Other,NULL
179,Indulgentia,Indulgentia,"aus OCRE",NULL,NULL,http://www.dbis.cs.uni-frankfurt.de/cnt/id/Indulgentia_person,NULL,NULL,Female,Deities,Roman,Personification,NULL
180,Iole,Iole,"aus CN Erweiterung",NULL,NULL,https://www.wikidata.org/wiki/Q744147,NULL,NULL,Female,MythologicalFigures,Greek,NULL,NULL
181,Isis,Isis,"Ploiaphesia = der Seefahrt","Isis Ploiaphesia, Isis (Ploiaphesia), Isis Pharia",NULL,https://www.britishmuseum.org/collection/term/BIOG54025,NULL,NULL,Female,Deities,Egyptian,Other,NULL
182,Italia,Italia,"aus OCRE",NULL,NULL,http://thesauri.dainst.org/de/labels/_2731_86edeb9a442432432ac77709b3ca0f7c-l75.html,NULL,NULL,Female,Deities,Roman,Personification,NULL
183,Iupiter,Jupiter,NULL,"Jupiter Karios,  Child Jupiter, Jupiter",NULL,https://www.wikidata.org/wiki/Q4649,Zeus,NULL,Male,Deities,Roman,Olympic,NULL
184,Janus,Janus,"aus OCRE","Janus Quadrifons, Ianus",NULL,https://www.wikidata.org/wiki/Q167685,NULL,NULL,Male,Deities,Roman,Other,NULL
185,Joannes,Johannes,"aus OCRE",NULL,NULL,http://nomisma.org/id/joannes,NULL,NULL,Male,Human,Emperor,Ursurper,NULL
186,Jovian,Jovian,"aus OCRE",NULL,NULL,http://nomisma.org/id/jovianus,NULL,NULL,Male,Human,Emperor,NULL,NULL
187,Jucunditas,Jucunditas,"aus OCRE",NULL,NULL,http://www.dbis.cs.uni-frankfurt.de/cnt/id/Jucunditas_person,NULL,NULL,Female,Deities,Roman,Personification,NULL
188,Judaea,Judäa,"aus OCRE","Judea,  Iudaea",NULL,http://www.dbis.cs.uni-frankfurt.de/cnt/id/Judaea_person,NULL,NULL,Female,Deities,Roman,Personification,NULL
189,"Julia Domna","Iulia Domna","Domna = keine besondere Bedeutung","julia_domna, Iulia Domna",NULL,http://nomisma.org/id/julia_domna,NULL,52,Female,Human,Emperor,SeveranDynasty,NULL
190,"Julia Mamaea","Iulia Mamaea","Mamaea = keine besondere Bedeutung",julia_mamaea,NULL,http://nomisma.org/id/julia_mamaea,NULL,53,Female,Human,EmperorsFamily,SeveranDynasty,NULL
191,"Julia Titi","Iulia Flavia","aus OCRE","Julia Flavia,  julia_titi",NULL,http://nomisma.org/id/julia_titi,NULL,822,Female,Human,Emperor,FlavianDynasty,NULL
192,Julian,Julian,"aus OCRE","Julian the Apostate,  Julianus,  julian_the_apostate",NULL,http://nomisma.org/id/julian_the_apostate,NULL,NULL,Male,Human,Emperor,ConstantinianDynasty,NULL
193,"Julius Nepos","Julius Nepos","aus OCRE",julius_nepos,NULL,http://nomisma.org/id/julius_nepos,NULL,NULL,Male,Human,Emperor,NULL,NULL
194,Juno,Juno,NULL,"Juno Sospita,  Juno Moneta",NULL,https://www.wikidata.org/wiki/Q125046,Hera,NULL,Female,Deities,Roman,Olympic,NULL
195,Justitia,Justitia,"aus OCRE",Iustitia,Justia,https://www.wikidata.org/wiki/Q1102307,NULL,NULL,Female,Deities,Roman,Other,NULL
196,Juventas,Juventas,"aus OCRE",Iuventas,NULL,https://www.wikidata.org/wiki/Q1367680,Hebe,NULL,Female,Deities,Roman,Other,NULL
197,Kaikos,Kaikos,NULL,Caicus,NULL,https://www.wikidata.org/wiki/Q1737602,NULL,NULL,Male,Deities,Greek,RiverGod,NULL
198,Keroessa,Keroessa,NULL,NULL,NULL,http://www.dbis.cs.uni-frankfurt.de/cnt/id/keroessa_person,NULL,NULL,Female,Heroes,Greek,NULL,NULL
199,Kore,Kore,NULL,NULL,NULL,https://www.wikidata.org/wiki/Q45967,"Persephone, Proserpina",NULL,Female,Deities,Greek,Underworld,NULL
200,Koronis,Koronis,"aus CN Erweiterung",NULL,NULL,https://www.wikidata.org/wiki/Q725286,NULL,NULL,Female,MythologicalFigures,Greek,NULL,NULL
201,"Kotys I","Kotys I.",NULL,"Kotys,  Cotys I, Kotys I",NULL,https://www.wikidata.org/wiki/Q1263290,NULL,340,Male,Human,King,OdrysianDynasty,NULL
202,"Kotys III","Kotys III.","Cotys III",NULL,NULL,https://www.wikidata.org/wiki/Q5175909,NULL,NULL,Male,Human,King,OdrysianDynasty,NULL
203,Laelianus,Laelianus,"aus OCRE",NULL,NULL,http://nomisma.org/id/laelianus,NULL,NULL,Male,Human,Emperor,Ursurper,NULL
204,Laetitia,Laetitia,"aus OCRE",NULL,NULL,https://www.wikidata.org/wiki/Q1246589,NULL,NULL,Female,Deities,Roman,Personification,NULL
205,"Leo I","Leo I.","aus OCRE","Leo the Thracian,  leo_i",NULL,http://nomisma.org/id/leo_i,NULL,NULL,Male,Human,Emperor,LeonidDynasty,NULL
206,"Leo II","Leo II.","aus OCRE",leo_ii,NULL,http://nomisma.org/id/leo_ii,NULL,NULL,Male,Human,Emperor,LeonidDynasty,NULL
207,Leontius,Leontius,"aus OCRE",NULL,NULL,http://nomisma.org/id/leontius,NULL,NULL,Male,Human,Emperor,Ursurper,NULL
208,Liberalitas,Liberalitas,"aus OCRE",NULL,NULL,https://www.wikidata.org/wiki/Q3173852,NULL,NULL,Female,Deities,Roman,Personification,NULL
209,Libertas,Libertas,"aus OCRE",NULL,NULL,https://www.wikidata.org/wiki/Q1129855,NULL,NULL,Female,Deities,Roman,Personification,NULL
210,"Libius Severus","Libius Severus","aus OCRE","Severus III,  libius_severus",NULL,http://nomisma.org/id/libius_severus,NULL,NULL,Male,Human,Emperor,NULL,NULL
211,Licinius,Licinius,"aus OCRE","Licinius I",NULL,http://nomisma.org/id/licinius,NULL,NULL,Male,Human,Emperor,Tetrarchy,NULL
212,"Licinius II","Licinius II.","aus OCRE",licinius_ii,NULL,http://nomisma.org/id/licinius_ii,NULL,NULL,Male,Human,Emperor,Tetrarchy,NULL
213,Livia,Livia,NULL,NULL,NULL,http://nomisma.org/id/livia,NULL,125,Female,Human,Emperor,Julio-ClaudianDynasty,NULL
214,Lucilla,Lucilla,NULL,NULL,NULL,http://nomisma.org/id/lucilla,NULL,42,Female,Human,Emperor,AntonineDynasty,NULL
215,"Lucius Caesar","Lucius Caesar","aus OCRE",lucius_caesar,NULL,http://nomisma.org/id/lucius_caesar,NULL,665,Male,Human,EmperorsFamily,Julio-ClaudianDynasty,NULL
216,"Lucius Verus","Lucius Verus","Verus = keine besondere Bedeutung",lucius_verus,NULL,http://nomisma.org/id/lucius_verus,NULL,27,Male,Human,Emperor,AntonineDynasty,NULL
217,"Lucius Vitellius","Lucius Vitellius","aus OCRE",NULL,NULL,http://nomisma.org/id/lucius_vitellius_pater,NULL,NULL,Male,Human,EmperorsFamily,YearofFourEmperors,NULL
218,Luna,Luna,"aus OCRE",Moon,NULL,https://www.wikidata.org/wiki/Q1235172,NULL,NULL,Female,Deities,Roman,Other,NULL
219,Lunus,Lunus,"aus OCRE",NULL,NULL,http://thesauri.dainst.org/de/labels/_3928_467a49ddee55db8cda76ae0d80c03634-l515.html,NULL,NULL,Male,Deities,Roman,Other,NULL
220,Lysimachos,Lysimachos,NULL,Lysimachus,NULL,http://nomisma.org/id/lysimachus,NULL,14,Male,Human,King,Hellenistic,NULL
221,Macedonia,Macedonia,"aus OCRE",NULL,NULL,http://www.dbis.cs.uni-frankfurt.de/cnt/id/Macedonia_person,NULL,NULL,Female,Deities,Roman,Personification,NULL
222,"Macrianus maior","Macrianus Maior",NULL,"Fulvius Macrianus",NULL,http://nomisma.org/id/macrianus_major,NULL,NULL,Male,Human,Usurper,NULL,NULL
223,Macrinus,Macrinus,NULL,NULL,NULL,http://nomisma.org/id/macrinus,NULL,33,Male,Human,Emperor,NULL,NULL
224,maenad,Maenade,"weibliche Kultanhängerin des Dionysos",maenads,NULL,https://www.wikidata.org/wiki/Q209599,NULL,NULL,Female,MythologicalFigures,NULL,NULL,NULL
225,Maesa,"Iulia Maesa",NULL,"Julia Maesa,  julia_maesa",NULL,http://nomisma.org/id/julia_maesa,NULL,82,Female,Human,EmperorsFamily,SeveranDynasty,NULL
226,Magnentius,Magnentius,"aus OCRE",NULL,NULL,http://nomisma.org/id/magnentius,NULL,NULL,Male,Human,Emperor,Ursurper,NULL
227,"Magnus Maximus","Magnus Maximus","aus OCRE",magnus_maximus,NULL,http://nomisma.org/id/magnus_maximus,NULL,NULL,Male,Human,Emperor,NULL,NULL
228,Maia,Maia,"aus OCRE",NULL,NULL,https://www.wikidata.org/wiki/Q205233,NULL,NULL,Female,Deities,Roman,Other,NULL
229,Majorian,Majorian,"aus OCRE",NULL,NULL,http://nomisma.org/id/majorian,NULL,NULL,Male,Human,Emperor,NULL,NULL
230,Makestos,Makestos,NULL,NULL,NULL,http://www.dbis.cs.uni-frankfurt.de/cnt/id/makestos,NULL,NULL,Male,Deities,Greek,RiverGod,NULL
231,man,Mann,NULL,"male, men",NULL,https://www.wikidata.org/wiki/Q8441,NULL,NULL,Male,Human,NULL,NULL,NULL
232,Marcian,Markian,"aus OCRE",NULL,NULL,http://nomisma.org/id/marcian,NULL,NULL,Male,Human,Emperor,TheodosianDynasty,NULL
233,"Marcus Antonius","Marcus Antonius",NULL,"Mark Anton",NULL,http://nomisma.org/id/mark_antony,NULL,99,Male,Human,General,NULL,NULL
234,"Marcus Aurelius","Marcus Aurelius","Aurelius = keine besondere Bedeutung","Mark Aurel,  marcus_aurelius,  Marc Aurel",NULL,http://nomisma.org/id/marcus_aurelius,NULL,31,Male,Human,Emperor,AntonineDynasty,NULL
235,Mars,Mars,NULL,NULL,NULL,https://www.wikidata.org/wiki/Q112,Ares,NULL,Male,Deities,Roman,Olympic,NULL
236,Marsyas,Marsyas,NULL,NULL,NULL,https://www.britishmuseum.org/collection/term/BIOG59286,NULL,NULL,Male,MythologicalFigures,Satyr-Silen,NULL,NULL
237,Matidia,"Salonina Matidia","aus OCRE",NULL,NULL,http://nomisma.org/id/matidia,NULL,NULL,Female,Human,EmperorsFamily,AdoptiveEmperors,NULL
238,Maxentius,Maxentius,"aus OCRE",NULL,NULL,http://nomisma.org/id/maxentius,NULL,NULL,Male,Human,Emperor,Tetrarchy,NULL
239,Maximian,Maximian,"aus OCRE",NULL,NULL,http://nomisma.org/id/maximian,NULL,NULL,Male,Human,Emperor,Tetrarchy,NULL
240,"Maximinus Daia","Maximinus Daia","aus OCRE","Maximinus II,  maximinus_daia",NULL,http://nomisma.org/id/maximinus_daia,NULL,NULL,Male,Human,Emperor,Tetrarchy,NULL
241,"Maximinus Thrax","Maximinus Thrax","Thrax = der Thraker","Maximinus I.,  maximinus_thrax, Maximinus I",NULL,http://nomisma.org/id/maximinus_thrax,NULL,51,Male,Human,Emperor,BarracksEmperors,NULL
242,Maximus,Maximus,NULL,gaius_julius_verus_maximus,NULL,http://nomisma.org/id/gaius_julius_verus_maximus,NULL,87,Male,Human,EmperorsFamily,NULL,NULL
243,Medusa,Medusa,"aus OCRE",NULL,NULL,https://www.britishmuseum.org/collection/term/BIOG59294,NULL,NULL,Female,MythologicalFigures,Greek-Roman,NULL,NULL
244,Melsas,Melsas,NULL,NULL,NULL,http://www.dbis.cs.uni-frankfurt.de/cnt/id/melsas_person,NULL,NULL,Male,Heroes,CityFounder,NULL,NULL
245,Mercury,Merkur,NULL,NULL,NULL,https://www.wikidata.org/wiki/Q1150,Hermes,NULL,Male,Deities,Roman,Olympic,NULL
246,Mestos,Mestos,NULL,Nestos,NULL,http://www.dbis.cs.uni-frankfurt.de/cnt/id/mestos_person,NULL,NULL,Male,Deities,Greek,RiverGod,NULL
247,Minerva,Minerva,NULL,NULL,NULL,https://www.wikidata.org/wiki/Q126916,Athena,NULL,Female,Deities,Roman,Olympic,NULL
248,Minotaur,Minotauros,"aus OCRE",NULL,NULL,https://www.britishmuseum.org/collection/term/BIOG59326,NULL,NULL,Male,MythologicalFigures,Greek-Roman,NULL,NULL
249,Moesia,Moesia,"aus OCRE",NULL,NULL,http://thesauri.dainst.org/de/labels/_2731_bc87090afaba912f4e63372c91d4654c-l109.html,NULL,NULL,Female,Deities,Roman,Personification,NULL
250,Moneta,Moneta,"aus OCRE","Tres Monetae",NULL,http://www.dbis.cs.uni-frankfurt.de/cnt/id/Monetae_person,NULL,NULL,Female,Deities,Roman,Personification,NULL
251,Moor,Maure,"aus OCRE",moors,NULL,http://thesauri.dainst.org/de/labels/_49eb40da.html,NULL,NULL,Male,Human,Barbarian,NULL,NULL
252,Mostis,Mostis,NULL,NULL,NULL,http://www.dbis.cs.uni-frankfurt.de/cnt/id/mostis_person,NULL,345,Male,Human,King,CanianDynasty,NULL
253,Munificentia,Munificentia,"aus OCRE",NULL,NULL,http://www.dbis.cs.uni-frankfurt.de/cnt/id/Munificentia_person,NULL,NULL,Female,Deities,Roman,Personification,NULL
254,Nemesis,Nemesis,NULL,NULL,NULL,https://www.britishmuseum.org/collection/term/BIOG59551,NULL,NULL,Female,Deities,Greek,Other,NULL
255,Nephthys,Nephthys,"aus OCRE",NULL,NULL,https://www.wikidata.org/wiki/Q169040,NULL,NULL,Female,Deities,Egyptian,Other,NULL
256,Neptune,Neptun,NULL,NULL,NULL,https://www.wikidata.org/wiki/Q3954,Poseidon,NULL,Male,Deities,Roman,Olympic,NULL
257,nereid,Nereide,"aus CN Erweiterung",nereids,NULL,https://www.wikidata.org/wiki/Q54230,NULL,NULL,Female,Deities,Greek,Other,NULL
258,Nero,Nero,NULL,NULL,NULL,http://nomisma.org/id/nero,NULL,4,Male,Human,Emperor,Julio-ClaudianDynasty,NULL
259,Nerva,Nerva,NULL,"Nerva Divus",NULL,http://nomisma.org/id/nerva,NULL,32,Male,Human,Emperor,AdoptiveEmperors,NULL
260,Nike,Nike,NULL,NULL,NULL,https://www.wikidata.org/wiki/Q165023,Victoria,NULL,Female,Deities,Greek,Other,NULL
261,Nilus,Nilus,"aus OCRE",Nile,NULL,https://www.wikidata.org/wiki/Q685243,NULL,NULL,Male,Deities,Roman,RiverGod,NULL
262,Nobilitas,Nobilitas,"aus OCRE",NULL,NULL,http://www.dbis.cs.uni-frankfurt.de/cnt/id/Nobilitas_person,NULL,NULL,Female,Deities,Roman,Personification,NULL
263,Noricum,Noricum,"aus OCRE",NULL,NULL,http://thesauri.dainst.org/de/labels/_2731_01a666f31da751eba6b6b15d67f14ba2-l113.html,NULL,NULL,Male,Deities,Roman,Personification,NULL
264,Numerian,Numerian,"aus OCRE",NULL,NULL,http://nomisma.org/id/numerian,NULL,NULL,Male,Human,Emperor,BarracksEmperors,NULL
265,nymph,Nymphe,"weibliche Naturgottheit",nymphs,NULL,https://www.wikidata.org/wiki/Q373916,NULL,NULL,Female,Deities,Greek,NULL,NULL
266,Oceanus,Oceanus,"aus OCRE",Ocean,NULL,https://www.wikidata.org/wiki/Q161419,NULL,NULL,Male,Deities,Roman,RiverGod,NULL
267,Octavia,Octavia,NULL,"Oktavia,  claudia_octavia",NULL,http://nomisma.org/id/claudia_octavia,NULL,50,Female,Human,EmperorsFamily,Julio-ClaudianDynasty,NULL
268,Oiskos,Oiskos,NULL,NULL,NULL,http://www.dbis.cs.uni-frankfurt.de/cnt/id/Oiskos_person,NULL,NULL,Male,Deities,Greek,RiverGod,NULL
269,Olybrius,Olybrius,"aus OCRE",NULL,NULL,http://nomisma.org/id/olybrius,NULL,NULL,Male,Human,Emperor,NULL,NULL
270,Omphale,Omphale,NULL,NULL,NULL,https://www.wikidata.org/wiki/Q486698,NULL,NULL,Female,MythologicalFigures,Greek,NULL,NULL
271,Orpheus,Orpheus,NULL,NULL,NULL,https://www.britishmuseum.org/collection/term/BIOG59672,NULL,NULL,Male,MythologicalFigures,Greek,NULL,NULL
272,"Otacilia Severa","Otacilia Severa","Severa = keine besondere Bedeutung","Otacilia,  otacilia_severa",NULL,http://nomisma.org/id/otacilia_severa,NULL,49,Female,Human,Emperor,BarracksEmperors,GordianDynasty
273,Otho,Otho,"aus OCRE",NULL,NULL,http://nomisma.org/id/otho,NULL,30,Male,Human,Emperor,YearofFourEmperors,NULL
274,Pan,Pan,NULL,NULL,NULL,https://www.britishmuseum.org/collection/term/BIOG59726,NULL,NULL,Male,Deities,Greek,Other,NULL
275,Paris,Paris,NULL,NULL,NULL,https://www.wikidata.org/wiki/Q167646,NULL,NULL,Male,MythologicalFigures,Greek,NULL,NULL
276,Parthia,Parthia,"aus OCRE",NULL,NULL,http://www.dbis.cs.uni-frankfurt.de/cnt/id/Parthia_person,NULL,NULL,Female,Deities,Roman,Personification,NULL
277,Parthian,Parther,"aus OCRE",parthians,NULL,https://www.wikidata.org/wiki/Q28045596,NULL,NULL,Male,Human,Barbarian,NULL,NULL
278,Patientia,Patientia,"aus OCRE",NULL,NULL,https://www.wikidata.org/wiki/Q43267799,NULL,NULL,Female,Deities,Roman,Personification,NULL
279,Paula,"Iulia Paula",NULL,"Julia Paula,  julia_paula",NULL,http://nomisma.org/id/julia_paula,NULL,80,Female,Human,Emperor,SeveranDynasty,NULL
280,Pax,Pax,NULL,NULL,NULL,https://www.wikidata.org/wiki/Q1132674,Eirene,NULL,Female,Deities,Roman,Personification,NULL
281,Pergamos,Pergamos,NULL,NULL,NULL,https://www.wikidata.org/wiki/Q2097787,NULL,NULL,Male,Heroes,Greek,NULL,NULL
282,Perinthos,Perinthos,NULL,NULL,NULL,http://www.dbis.cs.uni-frankfurt.de/cnt/id/perinthos_person,NULL,NULL,Male,Heroes,CityFounder,NULL,NULL
283,Perpetuitas,Perpetuitas,"aus OCRE",NULL,NULL,http://www.dbis.cs.uni-frankfurt.de/cnt/id/Perpetuitas_person,NULL,NULL,Female,Deities,Roman,Personification,NULL
284,Persephone,Persephone,NULL,NULL,NULL,https://www.wikidata.org/wiki/Q45967,"Proserpina, Kore",NULL,Female,Deities,Greek,Underworld,NULL
285,Perseus,Perseus,NULL,NULL,NULL,https://www.britishmuseum.org/collection/term/BIOG59759,NULL,NULL,Male,Heroes,Greek,NULL,NULL
286,persian,Perser,NULL,persians,NULL,https://www.wikidata.org/wiki/Q83311,NULL,NULL,Male,Human,Barbarian,NULL,NULL
287,Pertinax,Pertinax,"aus OCRE",NULL,NULL,http://nomisma.org/id/pertinax,NULL,29,Male,Human,Emperor,YearofFourEmperors,NULL
288,"Pescennius Niger","Pescennius Niger","aus OCRE",pescennius_niger,NULL,http://nomisma.org/id/pescennius_niger,NULL,9,Male,Human,Emperor,YearofFourEmperors,NULL
289,"Petronius Maximus","Petronius Maximus","aus OCRE",petronius_maximus,NULL,http://nomisma.org/id/petronius_maximus,NULL,NULL,Male,Human,Emperor,NULL,NULL
290,Philetairos,Philetairos,NULL,Philetaerus,NULL,https://www.wikidata.org/wiki/Q312452,NULL,NULL,Male,Human,King,NULL,NULL
291,"Philippus Arabs","Philippus Arabs","Arabs = der Araber","Philippus I,  Philipp I.,  Philip the Arab,   philip_the_arab,  Philip I,  Philip the Elder,  Philipp der Ältere",NULL,http://nomisma.org/id/philip_the_arab,NULL,45,Male,Human,Emperor,BarracksEmperors,NULL
292,"Philippus II","Philipp II.",NULL,"Philippus II., Phillipp II",NULL,http://nomisma.org/id/philip_ii,NULL,NULL,Male,Human,King,ArgeadDynasty,NULL
293,"Philippus iunior","Philippus iunior","aus OCRE","Philippus II,  Philip the Younger,  philippus_ii, Philipp II, Philip II, Philipp II.",NULL,http://nomisma.org/id/philippus_ii,NULL,46,Male,Human,Emperor,BarracksEmperors,NULL
294,Phoenicia,Phoenicia,"aus OCRE",NULL,NULL,http://www.dbis.cs.uni-frankfurt.de/cnt/id/Phoenicia_person,NULL,NULL,Female,Deities,Roman,Personification,NULL
295,Phrygia,Phrygia,"aus OCRE",NULL,NULL,http://thesauri.dainst.org/de/labels/_2944_52686f3acb45cc12b8f20ef63f0412d9-l143.html,NULL,NULL,Female,Deities,Roman,Personification,NULL
296,Pietas,Pietas,"aus OCRE",NULL,Piestas,https://www.wikidata.org/wiki/Q2643299,NULL,NULL,Female,Deities,Roman,Personification,NULL
297,Plautilla,Plautilla,NULL,NULL,NULL,http://nomisma.org/id/plautilla,NULL,76,female,Human,Emperor,SeveranDynasty,NULL
298,Plotina,Plotina,NULL,NULL,NULL,http://nomisma.org/id/plotina,NULL,48,Female,Human,Emperor,AdoptiveEmperors,NULL
299,Pluto,Pluto,NULL,NULL,NULL,https://www.wikidata.org/wiki/Q152262,Hades,NULL,Male,Deities,Roman,Underworld,NULL
300,Poimes,Poimes,NULL,NULL,NULL,http://www.dbis.cs.uni-frankfurt.de/cnt/id/poimes,NULL,NULL,Male,Human,Greek,NULL,NULL
301,Pollux,Pollux,NULL,NULL,NULL,https://www.wikidata.org/wiki/Q190103,"Polydeuces, Dioscur",NULL,Male,Deities,Greek-Roman,Other,NULL
302,Polydeuces,Polydeukes,NULL,NULL,NULL,https://www.wikidata.org/wiki/Q12046224,"Pollux, Dioscur",NULL,Male,Deities,Greek,Other,NULL
303,Pontos,Pontos,"aus CN Erweiterung",NULL,NULL,http://www.dbis.cs.uni-frankfurt.de/cnt/id/pontos,NULL,NULL,Male,Deities,Greek,Personification,NULL
304,Poppaea,Poppaea,NULL,"Poppaea Sabina",NULL,https://www.britishmuseum.org/collection/term/BIOG140802,NULL,47,Female,Human,Emperor,Julio-ClaudianDynasty,NULL
305,Poseidon,Poseidon,NULL,NULL,NULL,https://www.wikidata.org/wiki/Q41127,Neptune,NULL,Male,Deities,Greek,Olympic,NULL
306,Postumus,Postumus,"aus OCRE",NULL,NULL,http://nomisma.org/id/postumus,NULL,NULL,Male,Human,Emperor,BarracksEmperors,NULL
307,Prisoner,Gefangener,NULL,prisoners,NULL,https://www.wikidata.org/wiki/Q1862087,NULL,NULL,Male,Human,NULL,NULL,NULL
308,Probus,Probus,"aus OCRE",NULL,NULL,http://nomisma.org/id/probus,NULL,NULL,Male,Human,Emperor,BarracksEmperors,NULL
309,Proserpina,Proserpina,NULL,NULL,NULL,https://www.wikidata.org/wiki/Q14515330,"Kore, Persephone",NULL,Female,Deities,Roman,Underworld,NULL
310,Protesilaos,Protesilaos,NULL,NULL,NULL,https://www.britishmuseum.org/collection/term/BIOG59842,NULL,NULL,Male,Heroes,Greek,NULL,NULL
311,"Ptolemy III Euergetes","Ptolemaios III. Euergetes","Euergetes = der Wohltäter","Ptolemy III. Euergetes,  Ptolemäus III. ",NULL,https://www.britishmuseum.org/collection/term/BIOG55389,NULL,44,Male,Human,King,Hellenistic,Ptolemies
312,Pudicitia,Pudicitia,"aus OCRE",NULL,Pudiitia,https://www.wikidata.org/wiki/Q2117350,NULL,NULL,Female,Deities,Roman,Personification,NULL
313,Pulcheria,"Aelia Pulcheria","aus OCRE",aelia_pulcheria,NULL,http://nomisma.org/id/aelia_pulcheria,NULL,NULL,Female,Human,Emperor,TheodosianDynasty,NULL
314,Pupienus,Pupienus,"aus OCRE",NULL,NULL,http://nomisma.org/id/pupienus,NULL,627,Male,Human,Emperor,BarracksEmperors,NULL
315,Pythodoris,Pythodoris,NULL,NULL,NULL,https://www.wikidata.org/wiki/Q7263913,NULL,347,Female,Human,King,SapeianDynasty,NULL
316,Quies,Quies,"aus OCRE",NULL,NULL,http://thesauri.dainst.org/de/labels/_3929_c1ef3c5137b964d3504ec9e018ad65cf-l279.html,NULL,NULL,Female,Deities,Roman,Personification,NULL
317,Quintillus,Quintillus,"aus OCRE",NULL,NULL,http://nomisma.org/id/quintillus,NULL,NULL,Male,Human,Emperor,BarracksEmperors,NULL
318,Remus,Remus,NULL,NULL,NULL,https://www.britishmuseum.org/collection/term/BIOG60203,NULL,NULL,Male,Heroes,Roman,CityFounder,NULL
319,Respublica,"Res publica","aus OCRE",NULL,NULL,http://www.dbis.cs.uni-frankfurt.de/cnt/id/Respublica_person,NULL,NULL,Female,Deities,Roman,Personification,NULL
320,"Rhaiskouporis II","Rhaiskouporis II.",NULL,NULL,NULL,http://www.dbis.cs.uni-frankfurt.de/cnt/id/rhaiskouporis_ii,NULL,NULL,Male,Human,King,OdrysianDynasty,NULL
321,"Rhea Silvia","Rhea Silvia","aus OCRE",NULL,NULL,https://www.britishmuseum.org/collection/term/BIOG60206,NULL,NULL,Female,MythologicalFigures,Roman,NULL,NULL
322,Rhenus,Rhenus,"aus OCRE",NULL,NULL,https://www.wikidata.org/wiki/Q1295929,NULL,NULL,Male,Deities,Roman,RiverGod,NULL
323,"Rhoemetalces I","Rhoimetalkes I.",NULL,NULL,NULL,https://www.britishmuseum.org/collection/term/BIOG97541,NULL,NULL,Male,Human,King,SapeianDynasty,NULL
324,"Rhoimetalces III","Rhoimetalkes III.",NULL,NULL,NULL,http://www.dbis.cs.uni-frankfurt.de/cnt/id/rhoimetalces_iii,NULL,NULL,Male,Human,King,OdrysianDynasty,NULL
325,river-god,Flussgott,NULL,"river god, river-gods, river gods",NULL,https://www.wikidata.org/wiki/Q1434313,NULL,NULL,Male,Deities,Greek-Roman,Personification,NULL
326,Roma,Roma,NULL,"Roma Victrix",NULL,https://www.britishmuseum.org/collection/term/BIOG60208,NULL,NULL,Female,Deities,Roman,Personification,NULL
327,Romulus,Romulus,NULL,NULL,NULL,https://www.britishmuseum.org/collection/term/BIOG60209,NULL,NULL,Male,Heroes,Roman,CityFounder,NULL
328,"Romulus Augustulus","Romulus Augustulus","aus OCRE",romulus_augustulus,NULL,http://nomisma.org/id/romulus_augustulus,NULL,NULL,Male,Human,Emperor,NULL,NULL
329,Sabina,Sabina,NULL,"Diva Sabina","Diva Sabrina",http://nomisma.org/id/sabina,NULL,121,Female,Human,Emperor,AdoptiveEmperors,NULL
330,"Sabinus Julianus","Sabinus Julianus","aus OCRE","Julian of Pannonia",NULL,http://nomisma.org/id/sabinus_julianus,NULL,NULL,Male,Human,Emperor,Ursurper,NULL
331,"Sadales II","Sadales II.",NULL,"Sadalas II",NULL,https://www.wikidata.org/wiki/Q3461086,NULL,NULL,Male,Human,King,OdrysianDynasty,NULL
332,"Saeculum Frugiferum","Saeculum Frugiferum","aus OCRE",NULL,NULL,http://www.dbis.cs.uni-frankfurt.de/cnt/id/SeaculumFrugiferum_person,NULL,NULL,Male,Deities,Roman,Personification,NULL
333,Salonina,Salonina,NULL,cornelia_salonina,NULL,http://nomisma.org/id/cornelia_salonina,NULL,94,Female,Human,Emperor,BarracksEmperors,NULL
334,Saloninus,Saloninus,"aus OCRE",NULL,NULL,http://nomisma.org/id/saloninus,NULL,634,Male,Human,Emperor,BarracksEmperors,NULL
335,satrap,Satrap,NULL,satraps,NULL,https://www.wikidata.org/wiki/Q170305,NULL,NULL,Male,Human,Barbarian,NULL,NULL
336,Saturn,Saturn,"aus OCRE",NULL,NULL,https://www.wikidata.org/wiki/Q134388,Kronos,NULL,Male,Deities,Roman,Other,NULL
337,satyr,Satyr,"mythisches Mischwesen aus dem Gefolge des Dionysos","silen,  silens",NULL,https://www.britishmuseum.org/collection/term/BIOG60385,NULL,NULL,Male,MythologicalFigures,NULL,NULL,NULL
338,Savus,Savus,"aus OCRE",NULL,NULL,http://thesauri.dainst.org/de/labels/_3929_e62e48818d53b369f2883ae3ed0968e3-l335.html,NULL,NULL,Male,Deities,Roman,RiverGod,NULL
339,Scythia,Scythia,"aus OCRE",NULL,NULL,http://www.dbis.cs.uni-frankfurt.de/cnt/id/Scythia_person,NULL,NULL,Female,Deities,Roman,Personification,NULL
340,Season,Season,"aus OCRE",seasons,NULL,http://thesauri.dainst.org/de/labels/_147e85ed.html,NULL,NULL,Male,Deities,Roman,Personification,NULL
341,Selene,Selene,NULL,NULL,NULL,https://www.britishmuseum.org/collection/term/BIOG59117,NULL,NULL,Female,Deities,Greek,Other,NULL
342,"Seleucus I","Seleukos I.","Nikator = der Siegreiche.","Seleucus I Nikator,  Seleucus I. Nikator, Seleukus I",Niktaor,https://www.britishmuseum.org/collection/term/BIOG140764,NULL,NULL,Male,Human,King,Hellenistic,Seleucides
343,senator,Senator,"aus OCRE",senators,NULL,https://www.wikidata.org/wiki/Q15686806,NULL,NULL,Male,Human,NULL,NULL,NULL
344,"Septimius Severus","Septimius Severus","Severus = keine besondere Bedeutung",septimius_severus,NULL,http://nomisma.org/id/septimius_severus,NULL,35,Male,Human,Emperor,SeveranDynasty,YearofFourEmperors
345,Serapis,Serapis,NULL,Sarapis,NULL,https://www.britishmuseum.org/collection/term/BIOG60374,NULL,NULL,Male,Deities,Egyptian,Other,NULL
346,"Seuthes III","Seuthes III.",NULL,NULL,NULL,https://www.britishmuseum.org/collection/term/BIOG194540,NULL,NULL,Male,Human,King,OdrysianDynasty,NULL
347,Severina,"Ulpia Severina","aus OCRE",ulpia_severina,NULL,http://nomisma.org/id/ulpia_severina,NULL,NULL,Female,Human,Emperor,BarracksEmperors,NULL
348,"Severus Alexander","Severus Alexander",NULL,severus_alexander,NULL,http://nomisma.org/id/severus_alexander,NULL,13,Male,Human,Emperor,SeveranDynasty,NULL
349,"Severus II","Severus II.","aus OCRE","Valerius Severus,  severus_ii",NULL,http://nomisma.org/id/severus_ii,NULL,NULL,Male,Human,Emperor,Tetrarchy,NULL
350,Sicilia,Sicilia,"aus OCRE",NULL,NULL,http://thesauri.dainst.org/de/labels/_2731_a4fe7a21f25e164482e4754e75969c18-l135.html,NULL,NULL,Female,Deities,Roman,Personification,NULL
351,Silenus,Silenos,NULL,Silen,NULL,https://www.wikidata.org/wiki/Q464091,NULL,NULL,Male,Deities,Greek,NULL,NULL
352,Siscia,Siscia,"aus OCRE",NULL,NULL,http://www.dbis.cs.uni-frankfurt.de/cnt/id/Siscia_person,NULL,NULL,Female,Deities,Roman,Personification,NULL
353,Skostokos,Skostokos,NULL,"Scostocus,  Scostocos,  Scostoces",NULL,http://www.dbis.cs.uni-frankfurt.de/cnt/id/skostokos_person,NULL,318,Male,Human,King,OdrysianDynasty,NULL
354,Soaemias,"Iulia Soaemias",NULL,"Julia Soaemias,  julia_soaemias",NULL,http://nomisma.org/id/julia_soaemias,NULL,81,Female,Human,EmperorsFamily,NULL,NULL
355,Sohaemus,Sohaemus,"aus OCRE",NULL,NULL,https://www.wikidata.org/wiki/Q2983181,NULL,NULL,Male,Human,King,NULL,NULL
356,Sol,Sol,"aus OCRE","Sol Invictus,  Sun",NULL,https://www.wikidata.org/wiki/Q214494,NULL,NULL,Male,Deities,Roman,Other,NULL
357,Soldier,Soldat,"aus OCRE","soldiers, warrior, warriors",worrior,https://www.wikidata.org/wiki/Q4991371,NULL,NULL,Male,Human,NULL,NULL,NULL
358,Spes,Spes,"aus OCRE",NULL,NULL,https://www.wikidata.org/wiki/Q1482478,NULL,NULL,Female,Deities,Roman,Personification,NULL
359,Spithridates,Spithridates,NULL,NULL,NULL,https://www.wikidata.org/wiki/Q930886,NULL,NULL,Male,Human,Barbarian,NULL,NULL
360,Strymon,Strymon,NULL,NULL,NULL,https://www.wikidata.org/wiki/Q3625559,NULL,NULL,Male,Deities,Greek,RiverGod,NULL
361,Tacitus,Tacitus,"aus OCRE",NULL,NULL,http://nomisma.org/id/tacitus,NULL,NULL,Male,Human,Emperor,BarracksEmperors,NULL
362,Telephos,Telephos,NULL,"Telephoskind, Telephus",NULL,https://www.britishmuseum.org/collection/term/BIOG60690,NULL,NULL,Male,Heroes,Greek,NULL,NULL
363,Telesphorus,Telesphoros,NULL,Telesphoros,NULL,https://www.britishmuseum.org/collection/term/BIOG60691,NULL,NULL,Male,Deities,Greek,Other,NULL
364,Tempus,Tempus,"aus OCRE",NULL,NULL,http://www.dbis.cs.uni-frankfurt.de/cnt/id/Tempus_person,NULL,NULL,Male,Deities,Roman,Other,NULL
365,Tetricus,Tetricus,"aus OCRE","Tetricus I,  tetricus_i",NULL,http://nomisma.org/id/tetricus_i,NULL,NULL,Male,Human,Emperor,BarracksEmperors,NULL
366,"Tetricus II","Tetricus II.","aus OCRE",tetricus_ii,NULL,http://nomisma.org/id/tetricus_ii,NULL,NULL,Male,Human,Emperor,BarracksEmperors,NULL
367,Thalassa,Thalassa,NULL,NULL,NULL,http://www.dbis.cs.uni-frankfurt.de/cnt/id/thalassa_person,NULL,NULL,Female,Deities,Greek,Other,NULL
368,Thanatus,Thanatos,NULL,NULL,NULL,https://www.wikidata.org/wiki/Q199647,NULL,NULL,Male,Deities,Greek,Other,NULL
369,Theodosius,"Theodosius I.","aus OCRE","Theodosius I,  Theodosius the Great,  theodosius_i",NULL,http://nomisma.org/id/theodosius_i,NULL,NULL,Male,Human,Emperor,TheodosianDynasty,NULL
370,"Theodosius II","Theodosius II.","aus OCRE","Theodosius the Younger,  theodosius_ii",NULL,http://nomisma.org/id/theodosius_ii,NULL,NULL,Male,Human,Emperor,TheodosianDynasty,NULL
371,"Theos Megas","Theos Megas",NULL,"Great God",NULL,http://thesauri.dainst.org/de/concepts/_3929_2ac4ceb5842ab7b3d2cd7212caf82df5.html,"Great God",NULL,Male,Deities,Greek-Roman,Other,NULL
372,Thronia,Thronia,NULL,NULL,NULL,https://www.wikidata.org/wiki/Q14904528,NULL,NULL,Female,NULL,Greek,NULL,NULL
373,Tiberius,Tiberius,"aus OCRE",NULL,NULL,http://nomisma.org/id/tiberius,NULL,25,Male,Human,Emperor,Julio-ClaudianDynasty,NULL
374,Titus,Titus,"aus OCRE",NULL,NULL,http://nomisma.org/id/titus,NULL,34,Male,Human,Emperor,FlavianDynasty,NULL
375,Tonzos,Tonzos,NULL,Tonzus,NULL,http://www.dbis.cs.uni-frankfurt.de/cnt/id/tonzos_person,NULL,NULL,Male,Deities,Greek,RiverGod,NULL
376,Trajan,Trajan,NULL,"Traian,  Divus Trajan",NULL,http://nomisma.org/id/trajan,NULL,26,Male,Human,Emperor,AdoptiveEmperors,NULL
377,Tranquillina,Tranquillina,NULL,sabinia_tranquillina,NULL,http://nomisma.org/id/sabinia_tranquillina,NULL,361,Female,Human,Emperor,BarracksEmperors,GordianDynasty
378,Tranquillitas,Tranquillitas,"aus OCRE",NULL,NULL,http://www.dbis.cs.uni-frankfurt.de/cnt/id/tranquilitas_person,NULL,NULL,Female,Deities,Roman,Personification,NULL
379,"Trebonianus Gallus","Trebonianus Gallus","Gallus = keine besondere Bedeutung",trebonianus_gallus,NULL,http://nomisma.org/id/trebonianus_gallus,NULL,95,Male,Human,Emperor,BarracksEmperors,NULL
380,Triptolemos,Triptolemos,NULL,NULL,NULL,https://www.wikidata.org/wiki/Q269243,NULL,NULL,Male,Deities,Greek,Other,NULL
381,Triton,Triton,"aus OCRE",NULL,NULL,https://www.britishmuseum.org/collection/term/BIOG60755,NULL,NULL,Male,Deities,Roman,Other,NULL
382,Tutela,Tutela,"aus OCRE",NULL,NULL,https://www.wikidata.org/wiki/Q6154076,NULL,NULL,Female,Deities,Roman,Other,NULL
383,Twins,Zwillinge,"aus OCRE",twins,NULL,https://www.wikidata.org/wiki/Q14756018,NULL,NULL,Male,Heroes,CityFounder,NULL,NULL
384,Tyche,Tyche,"Poleos = mit Mauerkrone","Tyche Poleos, Tyche of Pergamum, Tyche of Perinthus",NULL,https://www.britishmuseum.org/collection/term/BIOG58260,NULL,NULL,Female,Deities,Greek,Other,NULL
385,Valens,Valens,"aus OCRE",NULL,NULL,http://nomisma.org/id/valens,NULL,NULL,Male,Human,Emperor,ValentinianDynasty,NULL
386,"Valentinian I","Valentinian I.","aus OCRE","Valentinian the Great,  valentinian_i",NULL,http://nomisma.org/id/valentinian_i,NULL,NULL,Male,Human,Emperor,ValentinianDynasty,NULL
387,"Valentinian II","Valentinian II","aus OCRE",valentinian_ii,NULL,http://nomisma.org/id/valentinian_ii,NULL,NULL,Male,Human,Emperor,ValentinianDynasty,NULL
388,"Valentinian III","Valentinian III.","aus OCRE",valentinian_iii,NULL,http://nomisma.org/id/valentinian_iii,NULL,NULL,Male,Human,Emperor,TheodosianDynasty,NULL
389,Valerian,"Valerian I.",NULL,"Valerian I",NULL,http://nomisma.org/id/valerian,NULL,93,Male,Human,Emperor,BarracksEmperors,NULL
390,"Valerian II","Valerian II.","aus OCRE","valerian_ii, Valerian II",NULL,http://nomisma.org/id/valerian_ii,NULL,NULL,Male,Human,Emperor,BarracksEmperors,NULL
391,Venus,Venus,NULL,"Venus Genetrix,  Venus Victrix",NULL,https://www.wikidata.org/wiki/Q47652,Aphrodite,NULL,Female,Deities,Roman,Olympic,NULL
392,Verina,Verina,"aus OCRE",aelia_verina,NULL,http://nomisma.org/id/aelia_verina,NULL,NULL,Female,Human,Emperor,LeonidDynasty,NULL
393,Vespasian,Vespasian,"aus OCRE","Divus Vespasian",NULL,http://nomisma.org/id/vespasian,NULL,21,Male,Human,Emperor,FlavianDynasty,YearOfTheFourEmperors
394,Vesta,Vesta,"aus OCRE",NULL,NULL,https://www.wikidata.org/wiki/Q178710,NULL,NULL,Female,Deities,Roman,Other,NULL
395,Vetranio,Vetranio,"aus OCRE",NULL,NULL,http://nomisma.org/id/vetranio,NULL,NULL,Male,Human,Emperor,NULL,NULL
396,"Via Trajana","Via Trajana","aus OCRE","Via Traiana",NULL,http://www.dbis.cs.uni-frankfurt.de/cnt/id/ViaTrajana_person,NULL,NULL,Female,Deities,Roman,Personification,NULL
397,Victoria,Victoria,NULL,Victory,NULL,https://www.wikidata.org/wiki/Q308902,Nike,NULL,Female,Deities,Roman,Other,NULL
398,Victorinus,Victorinus,"aus OCRE",NULL,NULL,http://nomisma.org/id/victorinus,NULL,NULL,Male,Human,Emperor,BarracksEmperors,NULL
399,Virtus,Virtus,"aus OCRE",NULL,NULL,https://www.wikidata.org/wiki/Q582177,NULL,NULL,Female,Deities,Roman,Personification,NULL
400,Vitellius,Vitellius,"aus OCRE",NULL,NULL,http://nomisma.org/id/vitellius,NULL,28,Male,Human,Emperor,YearofFourEmperors,NULL
401,Volusian,Volusianus,NULL,NULL,NULL,http://nomisma.org/id/volusian,NULL,92,Male,Human,Emperor,BarracksEmperors,NULL
402,Vulcanus,Vulcanus,NULL,Vulcan,NULL,https://www.wikidata.org/wiki/Q4640,Hephaestos,NULL,Male,Deities,Roman,Olympic,NULL
403,woman,Frau,NULL,"women, female, females",NULL,https://www.wikidata.org/wiki/Q467,NULL,NULL,Female,Human,NULL,NULL,NULL
404,wrestler,Ringer,NULL,wrestlers,NULL,https://www.wikidata.org/wiki/Q27978698,NULL,NULL,Male,Human,Greek-Roman,NULL,NULL
405,Youth,Jugendlicher,"aus OCRE",youths,NULL,https://www.wikidata.org/wiki/Q190007,NULL,NULL,Male,Human,NULL,NULL,NULL
406,Zeno,Zenon,"aus OCRE","Zeno the Isaurian",NULL,http://nomisma.org/id/zeno,NULL,NULL,Male,Human,Emperor,LeonidDynasty,NULL
407,Zeus,Zeus,"Aëtophoros = der Adlerträger. Epikarpios = der Fruchtbringer. Keraunos = des Blitzes oder der Blitzeschleuderer","Zeus Epikarpios,  Zeus Keraunos, Zeus Ammon","Zeus Amon",https://www.wikidata.org/wiki/Q34201,Iupiter,NULL,Male,Deities,Greek,Olympic,NULL
408,Bes,Bes,NULL,NULL,NULL,https://www.wikidata.org/wiki/Q188931,NULL,NULL,Male,Deities,Egyptian,Other,NULL
409,human,Mensch,NULL,NULL,NULL,https://www.wikidata.org/wiki/Q5,NULL,NULL,Male,Human,NULL,NULL,NULL
410,guide,Führer,NULL,NULL,NULL,https://www.wikidata.org/wiki/Q14290559,NULL,NULL,Male,Human,NULL,NULL,NULL
411,fisherman,Fischer,NULL,"fishermen, fisher, fishers",NULL,https://www.wikidata.org/wiki/Q331432,NULL,NULL,Male,Human,NULL,NULL,NULL
412,helmsman,Steuermann,NULL,Rudergänger,NULL,https://www.wikidata.org/wiki/Q2309900,NULL,NULL,Male,Human,NULL,NULL,NULL
413,"Zeus Aëtophoros","Zeus Aëtophoros",NULL,"Zeus (Aëtophoros)",NULL,http://www.dbis.cs.uni-frankfurt.de/cnt/id/ZeusAëtophoros_person,NULL,NULL,Male,Deities,Greek,Olympic,NULL
